ID	Result
group_3508	-0.286731984094876
group_5546	-0.680824740363434
group_4349	-0.0816304554885488
group_6254	-0.610014321634663
group_4166	0.316888568684715
group_2764	-0.125668526187395
group_728	-0.675936389401429
tqsA_2	-0.159172936639088
group_1378	-0.352448654836466
menH	-0.43203308435316
group_3152	-0.260669612081464
gutB	-0.445264939124009
group_4930	-0.166173450941244
secY2	-0.360438627195057
group_174	0.234573406778124
group_3741	0.318094267477173
group_17	0.167735276158224
group_3115	0.283297754579614
group_2393	-0.207290393971958
Int.Tn_3	-0.298530944212898
lytA_2	-0.319270913774601
group_3808	0.24483449818605
intQ	-0.411191829761484
group_689	0.0885741445215523
group_4679	-0.50760500202517
group_6301	-0.582313082024676
group_2539	-0.283563999922718
group_4357	-0.322598500048867
group_1351	-0.284951033290968
group_6261	-0.655217038532372
group_8322	0.756870842212308
group_187	0.56999517490256
group_4266	-0.521668361892604
group_4877	0.353155676875654
group_6255	-0.624886479066532
group_1349	-0.179235693375658
group_2121	-0.15851122286181
group_1088	0.110904385002559
group_418	0.00756798554707421
group_3762	0.589959753057963
group_6065	0.103548675455097
group_438	0.402829723684269
group_4503	-0.372181219894145
ykfA	-0.0956386333552175
group_2312	-0.268658607254833
hlyB_1	-0.301250794413744
group_4049	-0.439640779240447
group_3921	-0.414398490592116
group_316	0.454506874967165
group_3185	-0.364137617628621
group_2026	0.0523639334350161
group_1752	-0.281338797064477
group_5411	-0.527406802561421
group_4886	-0.482813826978145
acpP_1	0.0904843023973347
group_5849	-0.336473322388999
group_6079	-0.338402707528862
group_3720	-0.274993315715801
group_6280	-0.61363037569299
nfrA2	-0.405687381286292
group_5409	-0.527234355019413
group_1904	-0.0886027844965138
group_2761	-0.453879101126399
ddc	-0.684979944640844
group_735	0.0291166439867314
group_2470	-0.066533776505725
group_789	-0.26286438707623
group_4797	-0.302905377700801
group_1103	-0.024268899013397
group_5432	-0.444076437914788
group_6069	0.437074337906179
group_6256	-0.626742826091011
group_3295	-0.344385024819309
group_1576	-0.268939730489585
group_4202	-0.318816569174673
group_4881	-0.274389113145351
group_4439	0.458309100601344
group_5477	-0.451019090419924
group_5572	-0.367029481832913
group_370	0.171805469461714
tcyC_2	-0.135319127144208
group_4471	-0.39076994118016
xerC_3	0.142875424291875
group_3324	-0.610782367158239
group_4136	-0.0661474141763796
msbA_2	0.0913357962154645
group_442	0.137352595708233
group_2894	0.238172437993346
group_8210	0.76674317023576
group_3027	-0.356753043305835
dpnM	-0.368860796988082
group_5591	0.323788332733876
group_4308	-0.224663483945839
ycfH	-0.274635405571751
group_5621	-0.538293604744037
group_3703	-0.360005282541761
group_1019	-0.356167876912973
group_5566	-0.474415717339196
group_6239	-0.673798260499068
group_6003	-0.274655252376392
group_5565	-0.407220476127716
group_6274	-0.453098456556437
group_4492	-0.624559703964036
group_3733	-0.24052764748029
group_4911	-0.251046268010227
phnV_2	-0.148901620297021
group_114	0.359285273866606
group_4698	-0.0365771719699513
group_699	-0.268618101130432
group_318	0.201159616596036
group_1225	-0.259456356355867
group_2819	-0.212408092982872
hsdS_1	0.767841654628097
group_5594	0.32106239768765
group_1826	-0.384254641573188
group_4056	0.253467965174718
group_150	0.261275901588014
mobA	-0.359943564571597
yteP_1	-0.1539848579452
gatA_2	0.450004352392452
group_4571	0.513123365719852
nhaK	-0.597263609664852
group_779	0.372940618395068
group_6612	-0.445967970878693
group_655	0.261933821265768
group_1954	-0.303159756937886
mnaA	-0.328287718683048
group_5991	-0.558257155843905
group_426	0.188285775209076
group_6240	-0.679642629887542
group_2236	-0.2592572403738
group_1470	-0.000266779390812464
group_4558	0.362225084672949
group_3083	-0.437413884028438
group_8419	0.474125921059767
group_4163	-0.250649976890191
group_1435	0.641484570447434
group_6007	-0.287460093523215
group_802	0.0655881631198624
group_6042	-0.459298601334714
group_1947	0.0394779946725544
group_5636	-0.662688246672619
group_1705	-0.254464429664505
group_2164	0.457437415412001
group_4912	-0.26991860619721
group_2213	-0.057528855079863
group_1558	0.375745749299414
treP	-0.424492401288546
group_439	0.239031966632901
group_2722	-0.323737321151919
group_1781	0.52987066768981
group_1856	-0.205834693096371
group_3493	-0.551118470453831
group_4596	-0.361279930146869
group_6241	-0.670800697894064
group_1820	0.222298812718464
group_5093	-0.248556960425519
group_2751	-0.356885437945863
group_1635	-0.187838049695706
gspA_4	-0.335379324419728
group_4951	-0.0633774820639844
group_1519	-0.384376696768219
group_4291	-0.570331813598238
lafA	-0.372149972931829
group_6613	-0.451200913237894
group_6045	-0.519654253769474
group_4285	-0.219638449118909
group_5049	0.351355297137605
group_5671	0.406346486381972
group_1119	-0.30081462340307
group_754	-0.373914272094742
group_2063	-0.0116618703751306
group_3701	0.35176736173943
group_206	0.488712688128709
group_3218	-0.329921212042996
group_5227	-0.404265775973417
group_4615	-0.360404729786174
group_1399	-0.241360546305813
group_3203	-0.132927966222657
group_2048	-0.218408255237496
group_6244	-0.6895638071249
group_1143	-0.478698332199724
group_1757	-0.261936937399684
group_2832	-0.130002297672056
group_91	0.129010451836066
group_4971	-0.635604117733878
group_2858	0.43824763003148
group_4151	-0.46729542379231
capA	-0.309284867354254
group_6009	-0.290219632951326
group_4952	-0.0560515421139918
ruvB	-0.211301061386483
rfbC	-0.275015909029395
group_6649	0.288044007426755
group_2782	0.301697078179366
group_5971	0.348294800013737
group_5447	0.299867829320442
group_4625	0.360122253112632
group_1509	-0.253253158615273
group_447	0.4590088094767
group_1042	-0.0575755329653896
glnH	0.241895442236418
group_6012	-0.459204811998679
group_4159	0.20442711517078
group_6246	-0.707181667319728
group_606	-0.206105465028999
kcsA	-0.391795186379278
group_196	0.188418783563287
group_2220	-0.492497756738594
hpaIIM	0.221150900851157
group_2346	0.448074333516678
efeN	-0.345239332994811
group_5007	-0.692752267902645
group_4750	-0.144936991921326
group_4591	-0.203875216539505
malK_1	-0.296753186790986
group_333	0.416559879403409
group_3000	0.0244379536616774
group_5505	-0.0670963569082705
group_6384	0.324798734452917
group_3902	-0.117653571184269
group_6010	-0.300602145586812
pulA	-0.501191330387363
group_6650	0.281457797042768
group_5448	-0.595083359713648
group_4456	-0.108707325851222
acpA_2	-0.424161342050743
pbpX_1	-0.351126714799617
group_6247	-0.670296338759309
group_268	0.388313695756964
group_2152	-0.505917438923556
group_798	-0.115595610847394
group_764	-0.271772863975486
group_257	0.105995140637913
group_2749	-0.204628726583418
group_217	-0.27044053262041
group_5483	-0.656406420485978
rmlB	-0.266530862577283
ponA	-0.45645132819745
group_3555	-0.342147246423625
group_5563	-0.660487679720107
group_8302	0.824605890366368
group_3103	0.238909035641945
group_2467	-0.168918718806692
group_3460	0.293845070193258
group_6386	0.315371288568932
group_2405	0.620329646147738
group_3652	0.343379319314775
group_5506	-0.0686725453149426
group_698	-0.225673085014268
group_807	0.497240320037142
group_4472	-0.480790823168789
group_6249	-0.693627810353292
group_1098	0.00613820823922072
group_230	0.554186060244693
group_270	0.197744729360725
ubiG	-0.322177438092883
group_2901	0.289909559013615
rfbX	-0.59568939398976
group_799	-0.0659412648755748
group_2784	0.330105323717412
group_1424	-0.3908963590535
Int.Tn	0.505154277535556
xerC_2	0.314734365874133
group_5564	-0.628096137147865
group_4752	-0.40488656362228
group_2475	0.885793206449596
group_122	0.0324609959700606
group_8320	0.670647685159209
group_6388	0.315071387364123
group_3719	-0.386654650181484
group_4212	-0.594274161454027
group_5508	-0.0571975664463837
group_2540	-0.362923781625378
group_5485	-0.622497156914251
group_889	-0.501260949357453
group_4637	-0.306284694547378
group_4490	-0.463787520478581
ptrB	-0.0672560422714426
group_4150	0.529431342501578
group_714	-0.354654948095659
group_649	0.66173144479491
group_3168	0.887949590534852
group_2099	-0.0428391137425679
group_3897	-0.230320828399316
group_2227	-0.137433765504963
group_2635	-0.18862572339976
yheS_2	-0.163609762133621
group_3491	-0.627675767834644
group_3320	-0.0757791323803118
polC_3	0.24318956277417
group_4116	0.181236481286082
group_4580	-0.17621591192255
group_6392	0.321784394955868
group_2624	0.176259006439802
group_1747	0.0472877956899873
group_6135	-0.0745411129560653
tsaB	-0.465572926142767
group_5382	-0.256790185145904
group_1953	-0.0114942869679028
group_6024	-0.598695282301431
group_2522	-0.232236457866515
group_1090	0.139478820040491
group_5486	-0.649659716205723
group_3724	-0.516864127559167
group_390	0.531109185590412
group_5440	-0.281183915309864
group_6655	0.481966821689924
group_4470	-0.45017505657364
group_1421	-0.291365240019505
group_3708	-0.287072222495028
group_806	0.0867520984607523
yicL_1	-0.26758708699564
group_1077	-0.440725185756652
group_5589	-0.00980974403527556
bglA	-0.27982612577542
group_960	-0.298954325958214
group_6394	0.313186875334507
group_3667	0.0917519640349694
natA_6	-0.461920563128699
group_5509	0.332072908764612
group_529	-0.475171417010785
group_4520	-0.459344620848238
group_4517	-0.13427065496331
group_3228	-0.380970189099832
group_8306	0.640745709859225
group_2771	0.324829117405514
rpiR	-0.24171141874708
tcyA_1	-0.413275975592301
yjaB	-0.49421122015879
group_695	-0.169836107860008
group_2632	-0.284751363970193
group_3157	-0.0391008851944992
secA_2	-0.318441364298968
group_6656	0.323227496311836
rebM	-0.249027150042176
group_4241	0.1939704387609
epsJ_1	-0.682038249970849
group_6082	-0.477259723905062
group_8297	0.807487728550568
group_4885	-0.328948644622813
group_5400	-0.48508976386975
group_1577	0.0508624018088938
group_3291	-0.124295390697817
group_6396	0.31140345929841
group_5551	0.536078177311897
group_2689	-0.13291587482548
group_3776	-0.277599209587494
group_6019	-0.472354656683956
group_4864	-0.260160735768442
group_4868	0.885279446980842
group_6016	-0.561179850089982
group_1422	-0.626563325272588
group_6026	-0.584310490410536
group_1180	-0.167504294344485
group_5581	-0.487302560987966
group_4407	-0.351946827875625
group_1039	0.0327996350151528
mtlA	0.152398616135483
group_193	0.506465013063949
group_4891	-0.496284920498256
group_674	0.467463678540184
group_4665	-0.344802872644736
group_4539	-0.416884942755566
group_5637	-0.629727128829271
group_1965	-0.220813262751978
tcyB	-0.21654247088902
group_1617	-0.292837502782405
group_6398	0.312817257752908
group_3426	-0.349227784440381
group_4887	-0.47571251060483
group_4648	-0.176990198877298
group_2807	0.260275424700987
group_83	-0.0141927808207587
group_1633	-0.153875628102422
group_829	-0.223143713986059
group_2853	-0.212776000174539
cmpC	-0.417940583118262
group_4170	-0.514360120791634
group_4985	0.0861232837709162
group_4978	-0.566481935201604
group_1999	-0.304547732699911
tagA	-0.34107145521032
group_1154	-0.0802429406308188
group_5610	-0.143931253386608
group_6258	-0.537104482765661
group_6099	-0.427794361724862
group_1662	0.212659191682344
group_4938	-0.353124920861407
group_2279	-0.452189265929954
group_4242	-0.449903303900486
group_706	-0.675863932646199
group_1322	-0.0891569162607064
group_6420	0.0105413158055284
group_1211	0.149389449815944
group_3904	-0.195188667375008
group_4923	0.176701288028653
group_363	0.325139468327699
group_1401	-0.494126725723161
group_2173	-0.271914310543628
group_2610	-0.0333560963894285
group_1200	-0.0912191050204623
group_1907	-0.395427096550283
group_2202	-0.0323879541960087
group_6403	0.317435142735129
group_1979	-0.234480372682912
group_77	-0.173128690697602
group_446	-0.0796313445617451
group_3782	-0.430491305063573
ugd	-0.207046599990537
group_6100	-0.442979742935177
tag_1	-0.185841910642536
group_1761	-0.0423533832916096
group_5027	-0.524913013668601
nagC_2	-0.29849193249552
group_784	0.0140488969733553
deaD	-0.592239473182298
group_5266	-0.47703827136875
group_1295	0.11837263930312
epsF	-0.69791571101936
levE	-0.202605431837591
group_1374	-0.305688728438525
group_5009	-0.60465883871724
group_919	-0.269057757978396
xerD_1	0.296453694853044
group_525	0.31696379702042
group_4069	-0.15458829632565
group_5667	0.353089134815805
group_500	0.328783153488263
group_1990	-0.254952394106433
group_3223	0.416479406763896
group_4837	-0.390686649456413
group_3660	-0.370452996596863
group_2818	-0.328826312502437
group_4323	-0.397575555312512
leuB_2	-0.377508237627766
yxdL_1	-0.196658543900849
group_4524	0.100545378610935
nanE_2	-0.243197595908815
group_5545	-0.676046821819952
group_1186	-0.217625106834495
group_4134	-0.203910772350536
group_1778	0.295082537770154
group_1287	-0.189497282390459
group_2100	-0.202950527636596
group_8313	0.936261084132674
group_5457	-0.403978009925089
lacR_1	-0.383745959249623
group_902	0.463029135469892
group_3024	-0.418977576007021
group_6453	-0.690889491416952
group_5011	-0.583122091807976
group_6405	0.327574539440002
group_105	0.528039135573793
gtf1	-0.31276797180009
cat	-0.462164991833381
group_5809	0.354464311433754
group_4104	-0.26706758512493
rhaR	0.00633346680331112
group_951	0.532293537358569
group_1959	-0.383628684433197
group_2780	0.625903536039259
group_4872	-0.365574010557297
group_478	0.180922680390928
group_1983	-0.174007360606088
group_1713	0.167610501174525
group_203	0.197983090421662
bcgIB	-0.392349766441787
group_5626	-0.400595750114888
group_4091	-0.2679779818431
group_1064	-0.0430930403571929
group_4155	-0.25082161362729
pkn1	-0.304508894594656
group_2543	-0.14983185318078
group_6454	-0.671104126475507
group_1754	-0.379161413404718
group_8256	-0.334329413134199
group_1888	-0.0707926484314697
group_1120	-0.238750683508495
group_2902	0.182819700160408
group_5507	-0.078897879983041
group_3758	-0.306075563840483
group_5221	0.183689271597834
group_260	0.318700639626859
group_419	-0.152403624986551
group_5859	-0.409277119974078
group_5569	-0.643500591653922
btrD	-0.104916435140498
group_299	-0.0761879843875022
group_6483	-0.781653394341555
group_1683	-0.155417028410517
group_6021	-0.0885917410724398
group_1165	0.30224488523338
smc_1	-0.498096031873007
group_4029	0.790631488847424
group_2970	-0.281199428743492
rsmF	-0.0253912900116601
group_1976	-0.482238851576725
group_142	0.648130533694304
group_4509	-0.179015454639173
group_6455	-0.698832023249112
group_3080	-0.359189114663018
group_4522	0.172426451228079
rlmN	-0.138685727487772
group_5379	-0.319736155722293
group_4787	-0.187778997541171
group_4059	-0.185013351052265
group_337	0.262022492465529
group_3356	0.142805993382469
group_1898	-0.13155262083321
group_3153	-0.128995149713759
Int.Tn_1	-0.497521037970454
group_1268	-0.315287434000509
group_6410	-0.399145192881905
group_5623	-0.570179194595258
group_5355	-0.383896704243125
group_3427	-0.217179887984349
group_4078	-0.388234715160786
group_6528	-0.668702662027186
group_5361	-0.390169992468469
group_408	-0.0279497287862196
group_6477	-0.529703690434151
group_852	0.0148323155396501
yhjX	-0.129899859495558
group_1700	0.0714763463426586
group_6468	-0.304490761149567
iga_2	-0.177938152101292
hpaIIM_2	-0.259591165084217
group_4927	0.371862780403728
group_2556	-0.38881795943971
group_926	-0.343068683457661
group_3271	0.647271472335132
group_3190	-0.0428716628752205
group_4983	-0.586976472850121
group_265	0.435791436915996
group_4354	-0.184761471770547
group_3194	-0.501699439029414
group_2929	-0.183660708166133
lytB_3	-0.566090111824287
group_1978	0.157537953058004
group_6050	-0.394362609607821
smc_2	-0.266575405174017
group_5999	-0.201472438424763
group_6665	0.320619721864841
lacG_1	-0.350288627768531
group_3459	0.361809181901195
group_5624	-0.592962721740686
group_3509	-0.378837082557421
menE	-0.674064340645399
group_5136	-0.0583580048623028
group_683	-0.367643802982626
hlyB	-0.0522429129737584
lcnD_2	-0.542266189390497
group_1810	-0.291439878197382
sacA	-0.184752392567177
group_879	0.448222267123819
group_2394	-0.224185690546729
group_5521	-0.271020808906366
hin	0.42422637877354
msmE_1	-0.317030720580379
group_6466	-0.401980527924193
group_5357	-0.385846333964331
group_3452	-0.415765357571029
skfE_1	-0.523613250468717
group_1430	-0.619813195364286
group_4654	0.0301637645585912
group_6531	-0.468644654791781
group_6080	-0.469250028726363
rmlA	-0.38585898388398
group_3298	-0.44118064799397
slmA	-0.379318604391793
group_5992	-0.394464926309134
group_6480	-0.295154212118172
group_5406	-0.344943210384746
group_3559	-0.396601845277549
group_5419	-0.196031417384315
group_4008	0.0833381494268437
group_5625	-0.584687853041676
glnQ_5	-0.424991338798991
hisC	-0.690565573999149
group_3771	0.19219443726134
macB_1	-0.262397922726822
group_8300	1.02664542733633
dnaD_2	0.145099088495612
rpoB	-0.245096926446015
ugd_2	-0.27312026878689
group_2134	-0.180766352834475
group_2243	0.821130330410553
group_45	0.0679256358806805
group_1923	-0.382235889710943
group_5602	0.110794699789075
bag	0.287897558875864
nagC	-0.327673631104114
lytB_6	-0.113860042222313
tagF	-0.220383538047368
group_755	0.609781904056984
group_6532	-0.456635327775418
group_4475	-0.38718153689444
group_2138	0.552536070556503
asnA	0.616250073217439
ltrA_1	0.652695339236866
xerC_4	0.603727355101189
group_3731	-0.380145792453988
group_6463	-0.581402096689171
group_996	-0.278896698005784
group_6611	-0.396226114456544
artP_1	-0.250069834519764
group_1131	-0.31416743375837
dpnB	-0.371003441418597
group_3162	0.91044231412347
ybiT_1	-0.196657777350302
group_3360	-0.25613229388652
xerD_2	-0.577951240151318
group_6000	-0.192925134401574
group_2974	0.14124495383769
group_2299	-0.39462411488006
group_3317	-0.214572582721453
group_2874	0.438283966334441
group_2333	-0.448155672013592
group_4506	-0.296567339024595
group_3156	-0.279952741596894
group_4945	0.12445476967949
group_6051	-0.33058374345482
mutX_1	-0.450837867298771
group_4552	0.378898276169634
glf	-0.388234302334092
xre	-0.477637595429358
spoT	0.0338010732928209
group_148	0.170373586738291
group_5459	-0.411544105484343
group_5236	-0.508878558964629
group_8005	-0.515305446714314
group_2656	-0.172610012081377
group_6614	-0.377678821055375
group_4346	-0.262250940560367
group_1167	0.373852718824804
group_3789	-0.22324787958928
group_3678	-0.36603019440601
catE	-0.0694832757511207
group_4451	-0.505402083700814
group_3490	-0.454610064283454
galE_2	-0.592009066986937
group_3269	-0.279889610559583
group_3164	0.297831858971325
group_274	0.730733112300526
manP	-0.314754195251088
group_4046	-0.444232671041767
group_1426	-0.314109006402527
group_4876	-0.414935257255418
group_4441	-0.305123926068392
group_5426	-0.285888305834124
group_1643	-0.151719527001025
group_3035	-0.233078058082034
group_4533	-0.584651665222579
group_6566	-0.433488985579262
bbmA_2	-0.401926273789423
group_102	0.744980491498258
group_5380	-0.441322315839473
lsrC	-0.400642956832299
group_6615	-0.363161050052261
group_1074	0.727668397178141
group_2294	-0.329361568870083
group_5570	-0.279696775143986
bshA	-0.40451485640525
group_1578	0.373050108407065
gtf2_3	-0.339189347544423
group_4468	-0.242683680207224
group_4899	-0.119120999719152
group_4400	-0.585080239549154
group_3184	-0.400995069396836
group_4966	-0.576690098396561
group_3470	0.193953832583594
group_331	0.259256233612589
group_2948	-0.330960950190915
agaSK_1	-0.315013496388577
group_1339	-0.186027693661451
group_4940	-0.403338279333365
group_1687	-0.225383084674738
group_5414	-0.400313073401315
group_5452	-0.574354771373742
group_3196	0.365747725103334
group_1384	0.283642723686307
group_5443	-0.467004535267086
group_1265	-0.440179260094009
group_74	-0.166071031444339
group_6616	-0.375423018309141
fucA	-0.258938013800748
group_2905	0.110480842027845
group_673	0.495240753913268
lysS	-0.216134921721346
ecfT_3	-0.381739534012694
group_2976	-0.389664893793395
group_1581	-0.176939770957813
group_2309	-0.150732522619221
group_6465	-0.594571305020933
group_4692	-0.509255049578431
group_4573	-0.605590956909132
group_6028	-0.614853386514568
group_5527	-0.396435696316848
group_3704	-0.523154304948569
group_1086	0.189631771717432
group_2162	-0.208196171513596
group_3337	-0.494653866827806
group_3114	0.331297391974697
group_6086	-0.317367827833527
group_3725	0.0365797245453327
group_1620	-0.32189845936928
dpnA	-0.407771169322516
group_4168	-0.287700764465018
group_226	0.44202172984375
corA	-0.341376342284912
group_6043	-0.580012304807989
group_682	-0.673299197830079
group_4967	0.463484179334282
group_2095	-0.329698535371644
group_3913	-0.397693319951987
ytrE	-0.456021157737078
group_2671	-0.235221006427694
group_4066	-0.350064596179961
group_4399	-0.265514577675934
group_2331	0.108874908110924
group_436	0.400436342918304
group_5993	-0.410412624995368
group_3600	-0.351128169412166
group_2286	-0.322468504128765
group_4895	-0.436663613295466
group_3433	-0.256265020122132
group_4922	0.388664121351683
group_7967	-0.364369132439388
group_757	0.463681280341186
group_121	0.0542419609610869
group_399	-0.551929844198279
group_3437	-0.393431406181113
group_4122	0.333464903697569
group_3942	0.496556375257851
group_5196	-0.458266342201969
group_1018	0.248536852145277
bca	-0.578905819411907
group_1786	-0.121645120287338
group_1389	0.142274362017027
group_3411	-0.331194629137585
group_5026	-0.599086818441873
group_3998	-0.476412026055143
group_766	-0.351411781595608
Int.Tn_2	-0.419166286493362
group_3474	-0.404968922275441
group_397	0.29302488912652
group_107	0.213195108683909
group_4466	-0.348651731023275
group_254	0.608069743061498
lmrA_1	-0.156275544728972
erm	-0.406048563094665
ftsH4	-0.394117686626128
group_5451	-0.32958006145479
group_4987	0.633281886190123
group_1063	-0.625948171521089
cpsB	-0.261413469387191
group_72	-0.0974784138923759
group_1359	-0.519202792837557
group_4287	0.164221853654823
group_1341	-0.50546318656678
group_4478	0.336787175953028
group_25	-0.151224055675577
group_4174	0.134866243557126
group_2607	-0.175473839126064
leuD	-0.454385805109862
group_1209	0.0761929861101101
group_1654	-0.466022455641662
group_353	-0.0525750965964746
pepX	0.240996313034031
group_5622	-0.293951657842376
group_3756	-0.480767361264818
group_190	0.202290983472351
group_5446	-0.375747072480313
rfbA	-0.313761936540628
group_537	0.587469830985682
group_4888	-0.456010339571769
group_1128	-0.186439782464531
group_1082	-0.49549534778514
group_3974	-0.14240945114076
group_1824	-0.34458099873377
group_5033	-0.432239383525992
group_3107	0.463531733053018
group_2594	-0.131533834208487
group_1483	-0.279264820189015
group_1182	-0.395909638040741
group_1391	-0.249117292530317
group_3477	-0.452277546753544
group_2590	-0.498260160244662
group_5430	-0.546935172338937
group_4505	0.269758530859166
group_437	-0.223776425618002
mtlD	-0.32742736353603
rsmD	-0.422002476863319
group_8356	-0.342642256648479
group_223	0.570333051538373
clpE	-0.207868072031611
bglK_3	-0.25020976842286
group_4181	0.3796802255694
leuB	-0.299458362823808
group_2237	-0.228679957067357
group_39	0.380166334207456
thiF	-0.37909886874873
group_5478	-0.447849969450717
group_5944	-0.418420356647543
hlyB_2	-0.283687509081388
group_184	0.434172891089125
group_5503	-0.360448497886401
group_498	0.24064614150624
group_2840	-0.425640523761045
group_2418	-0.240765579514428
group_4936	-0.273584069108937
group_4002	-0.52592817819599
group_309	-0.138083280440516
group_5043	-0.395516991065691
group_3695	0.240692279093908
group_2421	-0.343156048038965
group_2908	0.00398959561315746
group_1656	-0.489669653511355
group_4556	0.324610400331639
group_3144	0.0511555142310454
group_5460	0.335209447456932
group_4557	0.387444937432929
pinR	-0.477623974543574
group_2233	-0.319862704153431
group_1518	-0.232548174792235
group_4408	-0.330128826915041
group_3768	0.35422544256895
group_466	0.573834168960123
group_6084	-0.463132401175341
group_1348	-0.212820586502145
group_89	-0.120752751271247
group_1306	-0.292695941958974
lexA	-0.19714538275573
group_5945	-0.404951061408221
lytA_3	-0.26428460553551
group_3199	0.42668417558016
apaH_2	-0.562518527251542
group_2837	-0.271493913065401
group_1257	-0.357817366540708
group_5598	0.443849071768868
group_5450	-0.453788072367131
group_374	0.580786453222623
group_3737	-0.358889274626365
group_1970	-0.175083165839203
group_2654	-0.0394813737492653
group_4561	0.295840134343877
group_4926	-0.732307769306831
group_5461	0.329334682708249
group_4501	-0.0985828041387569
group_4778	-0.144396870857437
ald_1	-0.255018682261158
group_2361	-0.330426968621863
group_4063	-0.314695296322219
group_4409	-0.336189424620338
group_3227	-0.399548531182748
group_925	-0.155480353223509
group_4972	-0.687583497179067
ptsN	-0.362545178610392
group_623	-0.293822467031534
group_50	0.340960518063531
group_3486	-0.245408071312906
group_3854	-0.0425728090651854
ulaA_1	-0.0973255521501042
group_3102	-0.409850355742559
group_5548	-0.55360127570902
group_5629	-0.0974242952136469
group_6035	-0.605864243717745
group_431	0.506503081590298
group_1506	-0.289131218617759
group_2971	-0.193877289637116
ald	-0.193659826112865
group_909	-0.250252165337462
group_1769	-0.00198178873045199
group_5048	0.472120072067169
group_4034	-0.369224534401077
group_2265	-0.506021260757177
group_4942	-0.548173722257122
group_5517	-0.108668114414602
mtlF	-0.358697178667918
group_2870	0.347042684311478
coaD	0.650690205329313
group_4105	-0.550794832520377
group_5413	-0.347026344022716
group_5222	0.058144874333945
group_4884	-0.397204745330941
group_4933	-0.244641082866487
group_116	0.174403223830847
group_5012	-0.552654327234334
group_4969	-0.24426913206027
group_4421	-0.200069537702564
group_5645	0.39025152791632
group_3847	-0.358132874989839
group_497	0.265815702674022
group_5886	-0.513497923538641
group_6444	-0.489493089793812
group_5642	-0.578009154347566
group_3464	-0.135126747780929
group_4462	-0.287600127661706
group_259	-0.217957216260233
group_4516	-0.478060125349
group_4450	-0.350579418951484
group_5047	0.391504589085718
group_4425	-0.254504096864415
group_5065	-0.326297934161528
ydcP_2	0.13894120740993
group_2719	-0.428089863610777
group_3681	-0.157247300538786
group_4700	-0.462689392980399
group_1812	-0.318917202254397
pezA	-0.450631599730491
group_5397	-0.278451022876506
group_4477	-0.407972779420049
group_124	0.000463698280521691
group_5573	0.562374126694814
group_2056	-0.405248323647561
group_5428	-0.374588714568954
group_2936	-0.346369202375088
group_4126	0.404044735596008
group_5887	-0.525263557023666
group_5455	-0.465420869484218
group_611	-0.0843106420687959
group_591	-0.241759115179914
licC_2	-0.297384249739837
group_4518	-0.375965964929948
spsI	-0.214180081217157
group_3901	-0.138376979437876
group_1296	-0.138370277349531
group_5482	-0.583275740816517
group_5001	0.0812562877952332
group_3686	0.177218771681945
group_4519	-0.413671746066943
ntpD	-0.248214122913524
group_5518	0.33142531215124
group_2223	-0.224404390285176
ycsE	-0.286038125688152
group_505	0.732833413759228
group_2293	-0.328874477894117
group_2668	-0.303439059403742
group_6006	-0.265219908221802
yoeB	-0.330313170575383
group_2120	-0.239665047942827
group_6445	-0.480573064060438
group_6060	0.492084155661723
group_2856	-0.34160077291519
group_1586	-0.167847250815266
group_3946	-0.323589859926381
group_1148	-0.344796752114819
group_5559	-0.22939690011756
group_5888	-0.528465648863137
group_6064	0.0352408694927231
group_1684	-0.298702304742799
group_3290	-0.0992272254684947
group_787	-0.229582449650415
ugd_1	-0.610164468233644
group_6036	-0.126704314997523
group_5630	-0.0862698464665873
group_654	0.0727957544728905
group_2872	0.142641325341429
group_5541	-0.746075784704261
group_6085	-0.380639308916998
group_5603	0.0766041431540669
group_3747	-0.579466564026913
ywqC	-0.248246530856563
group_4540	-0.448396989996947
group_3003	-0.197152989064587
group_4227	-0.376986125566456
licR_1	-0.371535196124487
group_6273	-0.702547386432741
group_4102	-0.335149075558691
group_3732	-0.180346727377237
ptsP	-0.110651816997845
group_512	0.508495416447326
maa	-0.534909864726728
group_718	-0.302795000027885
group_4882	-0.528080354443627
group_5961	-0.453844720818376
group_6293	0.590534051920074
group_2168	-0.357174954282373
group_5421	-0.20167218393781
group_1151	-0.306076839247769
group_922	-0.296399278274329
group_8241	-0.4023586746849
group_2729	-0.126038061058656
ybbH_2	-0.2412505419223
group_5669	0.324173461480789
group_1058	-0.335031952671927
group_5544	-0.615927314195338
group_707	-0.358375550362109
group_4164	0.287720744596353
group_3294	-0.359571473170729
group_6134	-0.359872833698186
group_5605	0.0778424489410751
group_1161	-0.222473178679118
wecH	-0.695490320185016
yecS_2	-0.286423660512428
group_5360	-0.397110770827429
group_1825	-0.0771565613046605
group_5002	0.157214591412034
group_1603	-0.219515090935045
group_5422	-0.457682027303669
group_5627	-0.140544255370406
ltrA_2	-0.3860129373689
group_5883	-0.420090733132403
leuA_2	-0.592985542050996
group_1145	-0.249936732687212
group_3610	0.16135923145045
group_6414	-0.712313618428073
group_2523	-0.453535886929959
group_1011	-0.254164441189265
group_5619	-0.370695678159639
group_5979	-0.517704093221251
group_173	-0.0315716638005374
group_1642	-0.162837924830314
group_6252	-0.548425695858953
lytA_9	0.352649525912938
group_5552	0.567769206640716
arcC1	-0.0692862508436945
group_158	0.351566416089798
group_808	-0.0845463225123626
group_3656	-0.539686730332046
dinB	0.443646030093642
group_1641	-0.277490721088146
group_5628	0.0774366258180862
celA_1	-0.396129746145396
group_1636	-0.29785209618635
clpC_1	-0.0712369018818811
group_1127	-0.0139036394712521
group_1600	-0.39075605659722
epsH_1	-0.252696005756565
group_6083	-0.472833426452872
group_1340	-0.21060171508185
group_2016	-0.176824855059988
group_338	0.142969005960714
group_5858	-0.234777840955777
group_6415	-0.715170925097563
group_710	-0.319629993766786
group_131	0.924606529691915
group_1897	-0.333259819395788
nanA_3	-0.240142936689721
ygaZ	-0.231246621601263
group_145	0.371225829186509
group_6461	-0.608503188254996
group_6294	0.644239994436058
group_1736	0.38020197595423
serB_2	-0.041366167495511
group_6165	-0.502932374195818
group_5567	-0.597306780569452
group_839	-0.205921180456086
group_2582	-0.19058747977712
radD	-0.265710271225083
group_2956	-0.186548150463945
sstT	-0.280570902262043
group_5884	-0.501329839213805
group_8239	-0.385674732136626
gspA_2	-0.247063042348807
ltrA	0.302127760124097
group_248	0.137828502446326
group_2077	-0.395713198518482
group_2822	-0.299733274631799
gspA_3	-0.200454539985871
group_2028	0.307236403104377
group_6416	-0.715490793712622
manR	-0.370312501834857
group_4479	0.415384479676961
ntpK	-0.248366851367632
dnaC_2	0.201580563687971
group_3066	-0.496703783086755
group_965	-0.12864334522953
pezT	-0.427580149681788
group_1362	-0.24833328311756
group_6491	-0.67331975150927
group_2252	-0.00435069186837215
trmFO	0.0835472716981679
group_5668	0.388250294295364
group_221	0.0277849079789483
group_1290	-0.160571360844222
group_6270	0.521192987132681
group_1193	0.0572271982465164
group_6057	0.552812479878587
group_1922	-0.327714376059131
group_2106	-0.377454140083653
group_2866	-0.327388208265598
bbmA	-0.427908941346917
group_2958	-0.174294480782842
group_1702	-0.0138634008479371
group_3418	-0.445688219057945
dnaK_1	-0.607300803213123
group_244	-0.365907258806542
group_256	0.276252878321365
group_6417	-0.70848274442247
sugB	-0.256606354061639
group_6257	-0.524530461262467
hpaIIM_1	-0.448170535364158
group_4129	-0.346056056219578
group_3429	-0.189718008962271
ntpA	-0.24893788280247
mshA	-0.607976213640748
group_1380	0.274713639359164
group_2468	0.0786609188153015
panM	-0.380319502647322
menG	-0.309793899156068
group_596	-0.0655392223764461
group_6646	0.32765656087344
group_2640	-0.381505640937904
group_1342	-0.305150112408576
group_151	-0.332679319420108
dpnC	-0.343044871312647
group_1949	-0.124467026015061
group_6462	-0.614918128279981
group_6422	0.0803264198664401
group_4247	-0.221701896294436
group_3071	-0.4628513485277
group_2734	-0.362151567824884
group_821	-0.363972970114533
group_3687	-0.374517015631988
group_6436	-0.568646116009677
lytB_4	-0.318529398503079
group_3515	-0.286220322182891
argH	0.0150618075495523
group_846	-0.294897119804646
group_1130	-0.261405371095418
group_2283	-0.330592785793814
group_1038	-0.279386222146474
licC_3	-0.280714862083357
group_2125	-0.330042522430972
gtf2_2	-0.142656632056995
asp3	-0.346878208659437
group_6238	-0.752006323701455
phoU_4	0.0676511395946502
dnaJ_1	-0.598208551682937
group_6647	0.331293448972824
lagD_4	-0.461685529658295
group_82	-0.129451990426897
fucU	-0.27471758938896
lnpD_1	-0.225177424793598
lagD_1	-0.354259653464838
group_1724	-0.61982430403088
group_6527	-0.63231920279249
group_6423	0.0885255045219264
group_758	0.410639348112843
araQ_2	-0.213305944812117
group_4946	0.171178877626508
group_2933	-0.36700369247437
group_6132	-0.396173463081911
group_5549	-0.494760047983267
group_2463	0.202255215153304
group_6492	-0.46422958147001
group_3436	-0.410546364893371
bglA_2	0.0513116375940228
group_2409	-0.334456797451449
group_1745	-0.314105467903415
group_1144	-0.251668025385108
group_4919	0.325094207937232
group_6699	-0.129181143214096
group_5170	-0.394694502506505
group_2534	-0.0466137592687894
group_6242	-0.728007474020144
group_3728	-0.4194096000455
group_1545	0.587706828606927
potA_1	-0.214111919356801
eabC_1	-0.58742190720505
group_55	-0.21454855100612
group_202	0.0203246441104942
mngA	-0.375939028147162
group_294	0.420737821427381
phnV_1	-0.302459170760349
group_324	-0.123702886857762
group_6425	0.0717053796615013
group_4970	-0.22566003971118
licC_5	-0.427443534080809
group_6022	-0.461876724872628
group_314	0.341643516272864
group_1701	-0.121601292186823
group_2777	0.495217485771969
grpE_1	-0.601836693987628
group_6279	-0.613785123719569
group_8415	0.491821289143446
group_2805	-0.198102246929551
group_5493	-0.372859420731903
group_3978	-0.410251625483933
asp2	-0.353186018457582
group_2180	-0.286465346724537
group_6243	-0.736265184245101
group_1233	0.188279266313607
group_1779	-0.088746467345036
group_3015	0.0674329043014132
group_3838	-0.398906730198198
group_4076	-0.580405227085054
rhaB	-0.25379227165224
group_4248	-0.213830480794569
group_2576	-0.151320808030262
group_1002	0.512005954497435
group_1439	-0.210157825306971
group_1051	-0.393033694121589
group_527	-0.101289780654151
alaA	-0.254615164730886
group_8364	0.876141202601183
group_3712	-0.35732425535355
group_4448	-0.39652814850233
group_4907	-0.543648350994334
group_2890	0.363176814101085
group_3451	-0.231252981397689
group_6046	-0.335983083312741
group_1135	0.626331759137656
group_484	0.196247154615118
group_6002	-0.552979982148676
galE	-0.425042128861691
group_4402	-0.279420058835348
group_2577	-0.189257886336662
group_6245	-0.719116124630355
group_1971	-0.639446088743887
group_1405	0.645173975403886
group_6493	-0.471229564733988
group_2426	-0.154914220873866
group_3465	0.0628267046722199
group_4581	-0.376743008646532
prmC	-0.321583140007176
group_4135	-0.378883484096475
group_4085	-0.313477472418387
group_4508	-0.529438829011622
group_6563	-0.592046208771851
group_2667	-0.313560338850511
cdhR	-0.189793347138454
bltD	-0.372812096563924
group_1021	-0.191596496986977
group_4235	-0.379396553840052
group_4908	-0.531416803056081
group_4584	-0.473409096299626
group_1000	0.119465579256811
group_3489	0.639641189615915
group_4009	-0.157826612480905
group_1568	-0.301307747641486
group_663	0.610739809080526
iga_1	-0.445576421610594
group_2898	-0.0631109625555541
group_634	-0.283677809449284
agrA_2	-0.211323200121084
group_6248	-0.758607413178563
group_1334	-0.522680193081965
group_3053	0.206512285438888
group_4171	-0.407625406510945
group_2454	-0.0726123805115376
group_888	-0.0545255856055762
ftsK_1	-0.420456315180934
group_2167	-0.257895440453877
group_5449	-0.461159793359187
group_1973	-0.324813392374975
group_4667	-0.258398272203271
group_1468	0.106520082715197
group_2494	-0.298494975945997
group_2655	-0.36187844164646
group_5516	-0.219546677320478
group_6564	-0.619821171419313
group_5384	0.557779924196142
ssb_3	0.228033540488817
group_4444	-0.423230711127801
group_1069	0.560356526357818
group_4088	-0.304661832215864
group_119	0.414275213119506
group_4678	-0.354296497656492
group_5431	-0.289208393453088
group_765	-0.572139389284846
group_1723	-0.237438783593519
group_4326	-0.555058247362654
group_4460	-0.329654240255494
group_3655	-0.261791552002103
group_6271	0.64588781855066
group_4689	0.164420416631982
group_2288	0.0604968647374065
group_2546	-0.221774843695687
group_3775	-0.185486788740334
group_5562	-0.454566526380055
group_2960	-0.35486964044063
group_100	0.676969256626362
group_4416	-0.259743609730487
group_1496	0.370215808834019
group_5358	-0.387023500962653
group_1783	0.13591277747327
group_4443	-0.331393086036683
group_5990	-0.426469062614367
dpnA_1	0.657465232845151
group_890	0.0667028291910883
pimA	-0.523654004606036
group_92	0.20089554806901
group_4902	-0.570350594122736
mccF	-0.176105773012861
toxA	-0.334833792072472
group_2260	0.464850737248457
group_1172	0.115789590797739
doc	-0.0568900979011013
group_4251	-0.175028224399509
group_3266	-0.3088231116679
group_6353	-0.351346358172233
nanB_2	-0.235923593166787
group_2683	-0.411381501940157
treR	0.00452813855691952
fic	-0.289781529417779
group_1679	-0.126507016326275
group_5401	-0.459717866986434
group_6032	-0.641597343349966
group_4626	-0.49437366211542
dps	-0.35495209776384
group_6565	-0.597063548915029
group_4527	-0.468227811859269
group_5444	-0.467771413983512
group_5359	-0.410083765932234
yxlF	-0.331077170575547
group_2386	-0.382920889610281
group_3090	-0.243335601016367
group_1292	-0.0566068311326486
group_224	0.42268141930893
group_2638	-0.421519846551975
group_847	-0.4455759024214
sarA_4	-0.204896593631716
group_3599	-0.21139159051938
group_2336	-0.113737252446
group_8298	0.544153761819654
group_1344	-0.356551728228736
group_2273	-0.0172108084801384
group_4559	0.368018675453834
group_2250	0.153688393765467
ptsG_2	-0.426114151750857
group_6354	-0.332877847998798
group_3065	-0.435485727405987
ntpC	-0.238913137411876
group_6033	-0.636831497857792
ltxB	-0.114605884252825
group_3407	-0.440095245396354
glpE_1	-0.355344737923487
group_4529	-0.571682535458105
group_312	0.410916154960549
group_5416	-0.405770779353164
znuA_1	-0.228909455741853
group_3905	-0.0290807240488384
group_5378	-0.474889948875106
egsA	-0.210964921620159
group_2306	0.295640550280601
group_1491	0.00627241442497033
group_882	-0.138323050708887
uvrB_2	-0.319757128395498
group_3730	0.140565169633627
group_3636	-0.308697696551094
group_6004	-0.315373574045314
group_1746	-0.290891865471601
group_2643	-0.400621900878904
group_1366	-0.431365986850946
group_5463	0.529824132192296
group_2907	-0.0359307475317357
group_3662	-0.413446652847504
group_4413	-0.371912653732008
group_6355	-0.344889466551523
mutX_2	-0.381640578707458
araP	-0.291410534523381
group_3848	-0.411832038706371
group_5474	-0.342964756667202
group_1217	-0.20678656223672
group_4925	0.421956181952354
group_8354	-0.319640579264152
group_6034	-0.636379930916038
group_233	0.789497585056132
alsE	-0.394299336145869
group_2995	-0.15733911277568
lmrA_2	-0.128768218018912
group_3495	-0.0672662455120871
group_5420	-0.216079054353838
group_5942	-0.415177923398343
lytB_7	-0.212008136189254
group_2743	-0.15685824362124
group_1946	0.489081946561182
group_5424	-0.251620146049865
group_3845	-0.191753499923324
group_192	0.506450224525324
group_665	0.464944067132162
group_5468	0.200716312488452
bglA_1	-0.245421836035151
group_4525	0.0509342244758943
group_3694	-0.273865795840344
group_6356	-0.329854654886639
group_1066	-0.271406378924473
group_1877	-0.00777640712791535
ptsG_1	-0.255357298318369
group_5169	-0.306475350926834
group_416	0.22596746256197
group_13	-0.232865886625633
group_1118	-0.201809190032755
group_5465	0.386011087538619
group_6038	-0.6397344628118
group_8349	-0.307267498647365
group_860	-0.315606167668139
group_756	0.358178965708543
yknX	-0.2132639928234
group_4474	-0.349087076813164
ydhF	-0.146148991146142
group_2043	0.0863599750076832
group_3498	-0.435326641865806
iap	-0.388143862468525
group_4998	0.351760600285827
group_2627	-0.430465177150476
group_2993	-0.24284548493488
group_5540	-0.626637455997745
yihX	-0.35341877535302
group_6020	-0.485545666608141
asnB	-0.326480268288097
group_6357	-0.346992624359229
group_1409	-0.247938189111567
glcA	-0.427580466626015
group_2893	0.284295817159303
atpE_1	-0.230831221555205
eabC	-0.212960190750749
group_3714	-0.486231086779324
sdpR	-0.168628436009949
group_3522	-0.436876057707333
group_2023	-0.464835285571316
group_6039	-0.63351952298699
group_2449	-0.174316513310913
group_69	-0.132897785838585
hflK	-0.140171325942213
bbmA_1	-0.610051981651646
group_2416	-0.303578822643231
group_8351	-0.329765903779218
group_5402	-0.386400558500263
group_3811	-0.459711129820143
group_8296	0.701895711048446
group_5453	-0.309857091739682
group_6005	-0.236031076790234
group_2983	-0.137200067256369
group_599	0.384620589328923
group_2192	-0.303242008603182
group_776	0.182206189780842
group_705	-0.602836474577989
group_5615	-0.174171322436599
group_876	0.134557189759024
mta	-0.446437660310839
group_6059	-0.0144265540255298
group_838	-0.383532080360335
group_3780	-0.359217394063189
group_6040	-0.654473013517441
group_5005	-0.354104991014626
group_5050	0.378287794618015
group_1220	-0.316201889796539
group_1441	-0.195565691473317
group_3760	-0.349844478258926
group_88	-0.231462197960958
phnU	-0.337274325471922
group_5417	-0.30613241218172
group_2923	0.611676101350749
group_118	0.174319969137483
group_4006	-0.125663946905851
group_4982	-0.537985379983441
tag_2	-0.150156042593918
wfgD	-0.0377634016176519
group_988	-0.223472385749235
group_4449	-0.410625213440095
group_1121	0.0381203547249603
group_587	0.455678427074961
group_313	0.405985055083339
group_6269	0.563928626795155
group_993	-0.213716212547349
ydcP_1	-0.171193234913206
group_1392	-0.351742355004718
group_60	0.25695017431697
group_4874	0.122880025865219
levS	-0.517278153869753
group_6467	-0.550401576830578
group_6559	-0.120076894815751
group_6133	-0.063795614852023
group_5641	-0.215244450910068
bglH_1	-0.0513701966199915
group_2957	-0.193960468712907
tkt_3	-0.400007791519076
immR	-0.407286754260006
group_3161	0.905518022986254
group_1122	-0.330213557847685
group_2160	0.151613812960398
group_4111	-0.445854463767766
argG	-0.0393293444503794
group_117	-0.160415435700471
group_3137	-0.146020633195674
group_5462	0.116610403143621
group_2717	0.339768388467602
group_2411	-0.36371717254787
group_1060	-0.110432101315864
group_3953	-0.471330633971831
group_1308	-0.0519547843860208
group_6720	-0.54534793812703
group_5893	-0.436247721462861
metG_2	-0.526357159053445
group_1675	-0.0727705266858844
group_3171	0.32561336205457
group_1743	0.189928467898231
group_133	0.0372535553906271
group_1615	-0.185636499219242
group_5168	-0.345174010602304
group_1239	-0.649185886338492
group_980	0.270646743919075
group_6478	-0.585330430252009
group_862	-0.328279648813469
group_6390	0.343995475909517
group_3641	-0.443869354079115
malX	-0.149469908665098
group_3167	0.779953696988902
group_2830	-0.254404730746715
nnrD	-0.213809400311402
group_1298	-0.101038260094424
hsdR	0.33590466296892
group_2789	0.0774474190120259
spxA_3	-0.130414017529469
group_171	0.624032624580929
group_3979	-0.389462118985876
ntpG	-0.24087040927833
group_854	-0.356628141369394
group_2703	-0.343713277214207
group_3371	0.799438926237726
group_5487	-0.486414601544399
group_1105	-0.142295641176857
repN	-0.355814825201549
gtf2_1	-0.319283646261888
group_1520	0.605472325184327
group_4818	-0.317290659024264
group_2071	-0.116272773058164
group_1935	0.312525634172898
group_123	0.0399122781393085
group_6479	-0.612018691177761
group_1899	-0.408245524131896
group_172	0.479225033893145
group_4071	-0.441284062576733
group_1482	-0.285013007218915
group_3727	-0.444943456713098
group_6451	-0.328244172413288
lacE_1	-0.216793002589894
group_2695	-0.264312830752048
group_1583	-0.167330218524709
group_2857	0.205308238640732
group_3738	-0.324094056066697
group_2228	-0.120643845095521
group_1989	-0.473088093995117
epsL	-0.26160338142344
group_3222	-0.28353115894534
ntpB	-0.240454320293341
group_5418	-0.586482971686513
group_2170	-0.373458510093882
group_3448	-0.112465983678815
group_5550	-0.613061745533415
group_2704	-0.465728988663729
group_279	0.0957316017397304
group_1541	0.357375739990949
group_5046	0.281021176343145
group_3325	-0.58442978905685
group_2012	-0.565099241207756
group_1962	-0.24662427411874
group_6481	-0.427920240044704
group_6476	-0.65906778511793
group_2356	-0.353261225784529
group_4158	0.553190954470493
group_2587	-0.493876638976363
group_3601	-0.345543268754815
group_3475	-0.452501520788937
rapA_2	-0.594580753197872
group_3861	0.365469710942665
group_2542	-0.164143394440612
group_1219	-0.165029475022195
group_1844	-0.251020620264143
rmlD	-0.138797456626572
group_1822	0.630355476217599
group_1072	0.375093312433854
group_5996	-0.585253352375215
group_2829	-0.215860297712919
group_1915	0.288864496084497
mtlR	-0.338618880524142
group_225	0.313334205820783
group_5879	-0.32703337157045
group_2003	-0.412376455730839
group_4454	-0.398496005424294
nisP	-0.306478696123915
group_3189	-0.247137706164169
group_6148	-0.342180011933999
group_3791	-0.565104306984159
group_827	-0.229196363500432
group_5100	-0.44105672602172
rapA	-0.2030529061776
group_3463	0.348370853072435
group_1169	0.776015066013975
group_321	0.0687109947286456
pfbA	-0.182647349366986
hhaIM	0.47372055411923
group_3804	0.0162378549426953
group_8315	0.11588444040052
group_4180	0.548136077699355
pabB	-0.446660621652769
group_4863	-0.455890689499114
group_4125	0.537151322443033
group_5997	-0.611717439270982
group_115	0.291586641535966
group_3892	-0.125798337369518
group_2198	-0.0395064097128527
group_3749	-0.230593352393349
group_1916	0.333842619746505
group_1073	0.782695852345984
group_4892	-0.515469542368888
group_409	-0.0737749154889039
group_1258	-0.368345827957328
group_2900	0.106712861283833
group_6281	-0.576875569481875
group_4027	0.173078535639673
group_4196	-0.449810079956201
group_4643	-0.375242752211172
group_3990	-0.242604305420336
group_3705	-0.550977991778109
group_3485	-0.233475617472266
group_2067	-0.0567014689202946
group_2348	-0.413499058121992
group_4928	0.397215412197284
group_5030	-0.397981811609704
group_5644	0.481165504488685
potA_2	-0.313924572620439
group_2609	-0.0344247812708541
group_2910	-0.351443727465444
group_1136	0.390958061521962
epiD	-0.367856178830071
ndvA	-0.289787320605161
group_967	-0.171935324879783
group_4465	-0.438657000165219
group_1619	-0.373592962498264
ricR	-0.274396062987991
group_6013	-0.59029626796355
group_2408	-0.370001524322088
group_2827	-0.30336026982679
group_1998	-0.166556256159233
group_4915	-0.297488869635899
kpsT	-0.377660356936779
group_1853	0.0319460872797298
group_5368	-0.487838494795039
group_454	-0.13580732215912
group_4132	-0.0709684360271772
cpsD	-0.317476882622673
agaSK_2	-0.639518576985299
group_6458	-0.644901627557741
group_3521	-0.272785843156192
group_4211	-0.0148174240126017
group_3338	-0.471494523867456
group_1773	0.0182291811597287
group_6534	-0.386329344337508
group_2733	-0.30240168942236
group_4322	-0.242015818013925
tcyC	-0.0698525094874282
lolD	-0.271767042165956
group_2868	-0.613031757079283
group_5651	-0.500259017707554
glf_1	-0.146668944512553
group_638	-0.0877445809972078
group_2938	-0.238725319668423
group_6014	-0.584652539620799
group_389	-0.132172082371737
group_2261	-0.0413856212472455
group_2289	-0.0140503046902441
relE	-0.458907536662284
rbsR	-0.18958189862199
group_496	0.412048672048931
group_503	0.416455927138343
leuA_4	-0.643539010438983
group_5034	-0.448209476044791
group_4469	-0.578509899118847
iphP	-0.466665414952586
group_4186	0.0213738409871685
iolX_2	-0.242897885657667
group_5408	-0.52422961601395
group_4481	0.389984165943768
group_2850	-0.235575134289767
group_2684	-0.393822549763918
group_2885	-0.0832582487911643
group_2946	-0.168909621516156
group_2000	-0.276037895070694
haeIIIM	-0.447584029202598
group_6459	-0.669441312584388
group_5670	0.284804096788696
glnM_2	-0.198724002417278
group_1272	0.280159277050901
malI	-0.372590137643816
group_2319	-0.0984426090378324
group_6015	-0.591784875020471
group_4110	-0.0493427401857986
group_3376	-0.231736767280223
group_835	-0.220247121012781
group_4175	-0.473293781528957
group_4920	0.513523415857177
group_636	0.0730234018208523
group_5445	-0.242299141124036
group_6030	-0.66278463942216
yadH	-0.22605358810089
gpsB	-0.380768190571035
group_5435	-0.584705457193767
group_5611	-0.530725786079999
group_5410	-0.512272264644609
group_948	-0.316199950709517
group_3871	-0.23391557666737
group_4485	0.392468771825229
group_2044	-0.143074935741232
group_2070	-0.218686066840484
wbbI	-0.211998790688893
group_3051	-0.723683067467321
group_5554	0.461526021758812
group_5825	-0.442569807418858
fruA_2	0.0429169365951864
group_4115	0.498427449104661
group_450	-0.048258563661489
group_6460	-0.649371836703902
group_6017	-0.605027236893389
msbA	-0.0100742818511297
lagD_2	-0.0783048738148213
group_153	-0.00174678083661608
group_3912	-0.382336057345259
group_2927	0.185091485467572
apaH	-0.4018073176319
lysA_1	-0.39160771708772
group_4929	0.436327932404206
group_6041	-0.609124823070181
group_3096	-0.347117581749095
group_2076	0.0126407231019132
group_5558	-0.534776721796545
group_5890	-0.59415832060833
hemH	-0.466669287067714
group_5436	-0.555730739529483
group_4047	-0.502064770076058
group_730	0.0222889833814314
group_5633	-0.416665637250969
group_4306	-0.177668710287732
group_2568	-0.348060790163022
group_5590	-0.160915073137062
group_3099	-0.360230959955005
group_4189	0.346731133391389
group_4894	-0.464647721141369
group_1009	-0.224526257467778
group_5826	-0.434105407611101
group_4531	-0.350114079660824
group_5399	-0.475055802708227
nagD	-0.20146351387637
leuA_1	-0.25602733919961
group_5846	-0.359778550794375
group_4621	-0.388088009044305
group_1067	-0.268912099432846
group_6282	-0.522896655649545
cotSA	-0.555689469087808
tabA_3	-0.250814982229137
group_5064	-0.363838168829031
iga_3	-0.0374400923748644
group_801	0.466971565786607
group_991	-0.15260956928616
group_2059	-0.328142177816836
group_6302	-0.511145522300529
group_6482	-0.490144197313071
group_4246	-0.321545544294951
group_2817	-0.324852040886526
group_403	0.0427002304913567
group_4422	-0.381206820522851
group_6049	-0.380711711857005
group_5291	-0.474682281691748
group_557	0.928724340863775
group_5655	-0.457547905107052
galT_2	-0.468645145977817
group_2769	-0.248338940216667
group_134	0.41970957944396
lytA_6	0.66582313133017
group_2935	-0.246256427074058
group_666	0.637109861662308
group_1013	-0.0873708352505634
group_2388	-0.444050421381573
group_836	-0.238718506315594
group_6154	-0.318380913204854
group_1505	-0.281685730973477
group_58	0.395289155284219
group_218	0.35208783787936
group_1202	-0.457584519715567
group_895	-0.313053814503926
group_2207	-0.287481189730324
group_4707	-0.0871252120816642
bmrA	-0.101949420155328
group_1142	-0.270201508648656
group_1091	0.0756140807045383
group_711	-0.137264631941542
group_1286	-0.32200963882168
acpP_2	0.0980151923856946
group_822	-0.147536318672762
group_4154	-0.246353594194962
group_15	-0.337257310403835
group_2274	-0.184129536434226
ycjP_2	-0.234286855344534
group_5542	-0.669888587141169
group_4438	0.0523058534193165
group_6250	-0.622158546011403
group_5862	0.253438534624768
group_3551	-0.0279806027026048
group_179	0.652302378330573
group_3726	-0.470577880977897
group_1194	0.15753818317749
group_624	-0.512180856524074
group_2952	-0.394032384252824
group_6025	-0.561627167079318
group_2947	-0.228109998812097
natA_1	0.231714769684054
group_2492	-0.270017241425515
group_2984	-0.112101169466757
group_1229	0.132978729418827
group_246	0.113157276381737
group_2561	-0.359123696208149
group_222	0.441961801167373
group_1727	-0.387136594105
group_2859	0.412994677636341
group_2509	0.313057872152106
group_1358	-0.240299233430404
group_6251	-0.600944423017837
group_2776	0.429598364468326
group_2019	-0.0393003649773451
group_1472	-0.0293023636696572
group_4781	-0.347326448749912
group_3089	-0.252097241293634
group_5543	-0.678687032152249
group_2055	-0.33029981944013
group_4137	0.432628805446234
group_5376	-0.522848677697257
group_2581	-0.0339094184848794
group_598	0.911390099625513
group_1813	-0.475756743833924
pepE	-0.434576399180806
group_4917	0.327358197632771
tetM	-0.560620348606023
group_579	0.956506796533792
group_861	-0.256694938422322
group_3058	-0.388540964388031
group_6253	-0.607810290707782
spsB_2	-0.469281424705094
group_8365	0.785756946723626
group_3104	0.318290956674917
group_2619	-0.227391932200005
group_2549	0.205247470112417
group_4953	-0.220761055499398
group_2153	-0.426881699999828
group_2520	0.775717983922064
epsJ_2	-0.26397552072024
group_229	0.255411480169431
group_2639	-0.544273185980585
group_2530	-0.479114868196034
rclA	0.140381604891533
group_4157	-0.383811130020522
group_2605	-0.467142824704026
lipO	-0.247305118057416
group_6058	0.350435051768238
group_5425	-0.316692867440749
group_4988	0.401603631286675
group_4871	-0.392335605191584
group_1285	-0.304646394239562
group_428	0.374378141331511
group_262	0.448014833395975
group_4236	-0.346009410538414
group_1231	0.110291685167582
group_3409	-0.425109187414826
group_4271	-0.529884038185164
group_6061	0.456242629679382
group_4447	-0.374416882580193
group_3273	-0.250153568154957
group_3560	0.614393817412735
group_4353	-0.199744343634293
group_2453	-0.143184521203674
group_3375	-0.350707345656669
group_4499	-0.337939507284687
group_6292	0.59693480544455
group_5423	-0.38856477792026
group_3469	-0.0687796563758099
group_5501	-0.415913686885521
group_5998	-0.579985228410824
group_1032	-0.36586066907476
group_4350	-0.169314214914434
epsH	0.116289945517638
group_4041	-0.436920066561455
group_3362	-0.0702168454400794
group_4103	-0.411300561082629
group_1199	-0.0681905005085844
group_954	-0.054438307274424
group_4486	0.341507750410397
oppD	0.0379490067040197
group_3787	0.440727890023318
group_2606	-0.361390572655413
group_2046	-0.342316023881372
fruA_1	0.013934280578537
group_471	0.480625947376939
group_7261	0.256219901095155
group_5502	-0.428410684285664
group_6018	-0.467273484485105
comC	-0.150717630591765
group_1206	-0.190440651420629
celD	-0.297930133607784
sarA_2	-0.46566150982716
group_1195	-0.206133904681901
group_1640	-0.258717705960446
group_369	-0.0656607625196625
group_110	0.0633909524650066
group_5571	-0.533772510038917
group_4142	-0.146002810243877
cdd_2	-0.355357930250684
glpK	0.332484507055858
group_4914	-0.355637913128266
group_3467	-0.205964888134178
group_5580	-0.349292893581899
hisS	-0.180611586368513
group_1881	-0.139886812549472
group_957	-0.163921247534669
group_3896	-0.222978524531045
group_451	0.372541973365244
group_2079	-0.121860195563972
rny	-0.304215577947021
group_1984	-0.52680062510576
group_6150	0.712760586227612
group_5891	-0.565332310982846
group_2033	-0.015782279115142
group_5412	-0.52774094121591
group_61	0.594710328773652
group_1317	-0.0128344965794308
group_4825	-0.336270537322908
group_592	0.409847457446695
group_3319	-0.0685983816873962
group_239	0.222492973248454
group_4084	-0.3907807610259
yxlF_1	-0.423951472517337
group_979	-0.384013430945767
patA_1	0.231779969914455
group_2588	-0.474612656504991
group_2690	-0.214840047292085
group_6259	-0.653563028056986
group_6011	-0.391334094293179
fucI	-0.171676313522004
group_2849	-0.232468344986927
group_6081	-0.441234741885392
group_1314	-0.0784193853762488
group_6275	-0.653130841735315
group_5405	-0.371706135331491
group_4013	-0.314463369433164
group_1728	-0.225925945833096
group_1188	-0.147851887553901
group_1951	-0.480142208220967
ftsK_2	-0.652999475691271
group_3354	-0.397533602689623
rsmB	0.36430906558941
relA_2	-0.410458831708418
group_108	-0.366738648557037
group_6276	-0.671560769946587
group_6001	-0.413442638893184
group_1678	-0.1620724093498
group_205	-0.256995875449151
group_4073	-0.367844178886361
group_5415	-0.373006741597688
group_3033	-0.249840347729776
group_6277	-0.669285378524006
group_2372	0.672246409868479
group_4113	-0.321320103238877
group_6078	-0.334362677266483
group_3419	-0.541124944197293
glgA_1	-0.649093250106953
group_4905	-0.289284720018367
group_6784	-0.246755456774044
degA_2	-0.285830804072474
